p_id,p_id2,distance_mean,distance_median,distance_std
H3N9,H3N8,1.01117647059,0.97,0.181103881562
H3N9,H3N1,0.957777777778,0.93,0.164301739882
H3N9,H3N3,1.38,1.38,0.0
H3N9,H3N2,1.08760617761,1.11,0.202260543679
H3N9,H3N5,0.923333333333,0.95,0.237533623351
H3N9,H3N7,1.24,1.24,0.0
H3N9,H3N6,1.0625,1.13,0.222640405138
H3N9,H5N9,2.29,2.29,0.08
H3N9,H5N8,2.57,2.57,0.0
H3N9,H5N7,2.4,2.4,0.0
H3N9,H5N6,2.64,2.64,0.0
H3N9,H5N5,2.368,2.4,0.0713862731903
H3N9,H5N3,2.37,2.29,0.231192560434
H3N9,H5N2,2.38,2.38,0.169497527311
H3N9,H5N1,2.5634351145,2.54,0.191637264669
H3N9,H10N8,1.935,1.935,0.015
H3N9,H7N9,1.92,1.92,0.0
H3N9,H7N8,1.84,1.84,0.0
H3N9,H7N4,1.59,1.59,0.0
H3N9,H7N7,1.82833333333,1.81,0.114224437938
H3N9,H10N3,1.97,1.97,0.0
H3N9,H7N1,1.91,1.78,0.190962474499
H3N9,H7N3,2.00857142857,2.02,0.177958949635
H3N9,H10N7,1.985,1.945,0.108216053734
H3N9,H2N5,2.3475,2.185,0.316415470545
H3N9,H2N7,2.355,2.37,0.0955248658727
H3N9,H2N1,2.22,2.22,0.03
H3N9,H2N2,2.222,2.23,0.125888839855
H3N9,H2N3,2.44875,2.425,0.167812209031
H3N9,H1N2,2.64329949239,2.63,0.153440332654
H3N9,H1N1,2.67618798956,2.66,0.18897852714
H3N9,H2N9,2.31,2.31,0.0
H3N9,H9N2,2.3636,2.36,0.0985851915858
H3N9,H9N1,2.31666666667,2.36,0.0684754619472
H3N9,H9N7,2.29,2.29,0.0
H3N9,H9N6,2.2,2.2,0.0
H3N9,H9N5,2.465,2.465,0.015
H3N9,H9N9,2.39,2.39,0.0
H3N9,H7N2,1.99666666667,1.92,0.207257220756
H3N8,H3N1,1.04529411765,1.02,0.219473698526
H3N8,H3N3,1.22470588235,1.2,0.251656106319
H3N8,H3N2,1.07212906158,1.06,0.220809355205
H3N8,H3N5,1.11764705882,1.12,0.227187304907
H3N8,H3N7,1.17647058824,1.17,0.226038548937
H3N8,H3N6,0.996029411765,0.985,0.217317467057
H3N8,H5N9,2.21029411765,2.23,0.123323708281
H3N8,H5N8,2.50411764706,2.46,0.133903337547
H3N8,H5N7,2.38647058824,2.39,0.0653444427153
H3N8,H5N6,2.55470588235,2.56,0.114743583548
H3N8,H5N5,2.26058823529,2.26,0.114976754082
H3N8,H5N3,2.27367647059,2.205,0.210607695042
H3N8,H5N2,2.28546712803,2.28,0.150254247477
H3N8,H5N1,2.43590031432,2.42,0.192607972588
H3N8,H10N8,1.95647058824,1.945,0.114606291608
H3N8,H7N9,2.00647058824,2.0,0.0856766270874
H3N8,H7N8,1.77470588235,1.76,0.0815379844402
H3N8,H7N4,1.82647058824,1.77,0.148242296753
H3N8,H7N7,1.90406862745,1.89,0.148349135078
H3N8,H10N3,1.99411764706,1.98,0.0933720466754
H3N8,H7N1,2.02196078431,2.03,0.182595874444
H3N8,H7N3,2.06159663866,2.08,0.192084904167
H3N8,H10N7,1.97415966387,1.95,0.138927191087
H3N8,H2N5,2.24823529412,2.135,0.280791639186
H3N8,H2N7,2.24294117647,2.245,0.119287823247
H3N8,H2N1,2.12088235294,2.12,0.0822609780644
H3N8,H2N2,2.14077647059,2.13,0.123821919229
H3N8,H2N3,2.33838235294,2.285,0.20523379992
H3N8,H1N2,2.49450582263,2.47,0.184810077503
H3N8,H1N1,2.54142220857,2.51,0.223130789348
H3N8,H2N9,2.23882352941,2.21,0.130107754118
H3N8,H9N2,2.26314117647,2.25,0.126145168749
H3N8,H9N1,2.2437254902,2.24,0.13704100981
H3N8,H9N7,2.15117647059,2.16,0.0869673605401
H3N8,H9N6,2.16411764706,2.15,0.103926377987
H3N8,H9N5,2.30764705882,2.29,0.102327583066
H3N8,H9N9,2.27352941176,2.26,0.11071644633
H3N8,H7N2,2.04392156863,2.0,0.206265376671
H3N1,H3N3,1.37888888889,1.4,0.24883928077
H3N1,H3N2,1.0274002574,1.02,0.219730779425
H3N1,H3N5,1.08074074074,1.03,0.23718918728
H3N1,H3N7,1.28888888889,1.39,0.276543926366
H3N1,H3N6,1.08416666667,1.03,0.23329017458
H3N1,H5N9,2.24611111111,2.225,0.130730379403
H3N1,H5N8,2.55666666667,2.59,0.132664991614
H3N1,H5N7,2.38333333333,2.38,0.128149218578
H3N1,H5N6,2.60888888889,2.59,0.0817101169371
H3N1,H5N5,2.27266666667,2.29,0.121516345494
H3N1,H5N3,2.27972222222,2.21,0.241815886243
H3N1,H5N2,2.30810457516,2.3,0.171062621389
H3N1,H5N1,2.49861747243,2.48,0.214791546342
H3N1,H10N8,1.98444444444,1.995,0.113540116367
H3N1,H7N9,1.96666666667,1.98,0.0825967446224
H3N1,H7N8,1.80111111111,1.77,0.099380799
H3N1,H7N4,1.79777777778,1.76,0.137741930821
H3N1,H7N7,1.89907407407,1.88,0.132200304232
H3N1,H10N3,1.98222222222,1.99,0.0915032212885
H3N1,H7N1,1.9562962963,1.91,0.169118589734
H3N1,H7N3,2.03365079365,2.04,0.187132086339
H3N1,H10N7,2.01166666667,1.975,0.15379201581
H3N1,H2N5,2.24833333333,2.11,0.325938814981
H3N1,H2N7,2.27194444444,2.28,0.120504021243
H3N1,H2N1,2.10666666667,2.09,0.0893805845186
H3N1,H2N2,2.14017777778,2.12,0.130093861652
H3N1,H2N3,2.34222222222,2.275,0.240827406053
H3N1,H1N2,2.55904117315,2.55,0.199057522706
H3N1,H1N1,2.59901943719,2.57,0.23883230932
H3N1,H2N9,2.11444444444,2.12,0.101007272688
H3N1,H9N2,2.2794,2.27,0.128117463464
H3N1,H9N1,2.2362962963,2.22,0.101000482146
H3N1,H9N7,2.17333333333,2.17,0.0728773703636
H3N1,H9N6,2.17111111111,2.14,0.0762225461606
H3N1,H9N5,2.31388888889,2.34,0.0905623719316
H3N1,H9N9,2.31444444444,2.25,0.098670170108
H3N1,H7N2,2.00666666667,1.99,0.182675587779
H3N3,H3N2,1.33629343629,1.36,0.240915577412
H3N3,H3N5,1.17666666667,1.43,0.358267435801
H3N3,H3N7,0.47,0.47,0.0
H3N3,H3N6,0.9775,1.11,0.299447407736
H3N3,H5N9,1.965,1.965,0.045
H3N3,H5N8,2.19,2.19,0.0
H3N3,H5N7,2.25,2.25,0.0
H3N3,H5N6,2.37,2.37,0.0
H3N3,H5N5,2.102,2.12,0.111247471881
H3N3,H5N3,2.145,2.11,0.112583302492
H3N3,H5N2,2.09705882353,2.07,0.109316846874
H3N3,H5N1,2.2465648855,2.24,0.147331329319
H3N3,H10N8,2.075,2.075,0.195
H3N3,H7N9,2.11,2.11,0.0
H3N3,H7N8,2.04,2.04,0.0
H3N3,H7N4,2.05,2.05,0.0
H3N3,H7N7,2.07083333333,2.025,0.149245789071
H3N3,H10N3,2.12,2.12,0.0
H3N3,H7N1,2.30333333333,2.28,0.119536140514
H3N3,H7N3,2.25428571429,2.28,0.235787867303
H3N3,H10N7,2.03857142857,1.985,0.159904308119
H3N3,H2N5,2.27,2.28,0.0860232526704
H3N3,H2N7,2.0675,2.065,0.066096520332
H3N3,H2N1,2.19,2.19,0.04
H3N3,H2N2,2.1208,2.1,0.112460481948
H3N3,H2N3,2.2725,2.29,0.105682306939
H3N3,H1N2,2.28106598985,2.26,0.116838127037
H3N3,H1N1,2.33903394256,2.32,0.142912109041
H3N3,H2N9,2.41,2.41,0.0
H3N3,H9N2,2.2836,2.29,0.134651550307
H3N3,H9N1,2.40666666667,2.36,0.126841983936
H3N3,H9N7,2.3,2.3,0.0
H3N3,H9N6,2.32,2.32,0.0
H3N3,H9N5,2.44,2.44,0.03
H3N3,H9N9,2.19,2.19,0.0
H3N3,H7N2,2.19666666667,2.17,0.237533623351
H3N2,H3N5,1.15208494208,1.14,0.230544714474
H3N2,H3N7,1.22038610039,1.23,0.249501134622
H3N2,H3N6,1.08040540541,1.06,0.226805134944
H3N2,H5N9,2.22457528958,2.21,0.149142054564
H3N2,H5N8,2.54038610039,2.53,0.134244078261
H3N2,H5N7,2.37030888031,2.36,0.097354490759
H3N2,H5N6,2.59783783784,2.6,0.12131183197
H3N2,H5N5,2.2621003861,2.26,0.133117322625
H3N2,H5N3,2.27748069498,2.19,0.231526169985
H3N2,H5N2,2.29514421985,2.28,0.170862651701
H3N2,H5N1,2.47521913407,2.46,0.211780909797
H3N2,H10N8,1.99569498069,1.99,0.121027612655
H3N2,H7N9,1.99861003861,1.98,0.118639319302
H3N2,H7N8,1.79216216216,1.78,0.0832957513781
H3N2,H7N4,1.85030888031,1.83,0.133277300978
H3N2,H7N7,1.92377091377,1.9,0.149712084139
H3N2,H10N3,2.00069498069,1.99,0.107111512337
H3N2,H7N1,1.99503217503,1.98,0.188613528981
H3N2,H7N3,2.07078874793,2.09,0.202251218743
H3N2,H10N7,2.00350523993,1.98,0.152228299463
H3N2,H2N5,2.23207528958,2.1,0.303784428316
H3N2,H2N7,2.24088803089,2.24,0.119235754156
H3N2,H2N1,2.11926640927,2.12,0.10029609865
H3N2,H2N2,2.13864401544,2.13,0.136097338806
H3N2,H2N3,2.34073841699,2.29,0.237373386513
H3N2,H1N2,2.52988220998,2.51,0.195829485691
H3N2,H1N1,2.57354194179,2.54,0.236765315532
H3N2,H2N9,2.15521235521,2.16,0.131140870358
H3N2,H9N2,2.27171891892,2.26,0.125741579963
H3N2,H9N1,2.24263835264,2.24,0.120346407863
H3N2,H9N7,2.17285714286,2.17,0.0984177079031
H3N2,H9N6,2.1616988417,2.16,0.0928080284948
H3N2,H9N5,2.31915057915,2.32,0.0972937503184
H3N2,H9N9,2.28652509653,2.28,0.113798449937
H3N2,H7N2,2.02122265122,1.99,0.194081470247
H3N5,H3N7,1.02333333333,1.28,0.420819306697
H3N5,H3N6,1.13166666667,1.25,0.224827094057
H3N5,H5N9,2.15833333333,2.115,0.156569118567
H3N5,H5N8,2.47333333333,2.53,0.172111075246
H3N5,H5N7,2.21,2.21,0.0163299316186
H3N5,H5N6,2.6,2.58,0.131402688963
H3N5,H5N5,2.21866666667,2.18,0.142775659301
H3N5,H5N3,2.25416666667,2.125,0.239076638108
H3N5,H5N2,2.26745098039,2.26,0.187865650131
H3N5,H5N1,2.45460559796,2.45,0.232893973122
H3N5,H10N8,2.02833333333,2.035,0.122395079785
H3N5,H7N9,1.88,1.84,0.109848380355
H3N5,H7N8,1.88333333333,1.84,0.114406682012
H3N5,H7N4,1.76666666667,1.73,0.145220139405
H3N5,H7N7,1.94166666667,1.965,0.170855689594
H3N5,H10N3,1.96666666667,1.87,0.165797734873
H3N5,H7N1,2.00222222222,2.05,0.19577639046
H3N5,H7N3,2.08547619048,2.11,0.226107879656
H3N5,H10N7,2.05119047619,2.02,0.150936795049
H3N5,H2N5,2.25166666667,2.16,0.268167650713
H3N5,H2N7,2.255,2.305,0.156923548265
H3N5,H2N1,2.13333333333,2.145,0.0631576510717
H3N5,H2N2,2.13186666667,2.11,0.144089725133
H3N5,H2N3,2.33041666667,2.3,0.235592854424
H3N5,H1N2,2.51431472081,2.52,0.227907042609
H3N5,H1N1,2.54053959965,2.54,0.236960124234
H3N5,H2N9,2.18666666667,2.14,0.174610678049
H3N5,H9N2,2.3286,2.33,0.125968408738
H3N5,H9N1,2.31555555556,2.33,0.11982497524
H3N5,H9N7,2.23333333333,2.18,0.0825967446224
H3N5,H9N6,2.21333333333,2.25,0.0895668589503
H3N5,H9N5,2.365,2.355,0.07320063752
H3N5,H9N9,2.37,2.37,0.0979795897113
H3N5,H7N2,2.05444444444,2.04,0.210982416914
H3N7,H3N6,1.0775,1.2,0.254202183311
H3N7,H5N9,2.025,2.025,0.075
H3N7,H5N8,2.29,2.29,0.0
H3N7,H5N7,2.26,2.26,0.0
H3N7,H5N6,2.49,2.49,0.0
H3N7,H5N5,2.136,2.16,0.0773563184233
H3N7,H5N3,2.135,2.095,0.125797456254
H3N7,H5N2,2.12529411765,2.12,0.113972011376
H3N7,H5N1,2.27610687023,2.27,0.152358418919
H3N7,H10N8,2.035,2.035,0.195
H3N7,H7N9,2.08,2.08,0.0
H3N7,H7N8,2.01,2.01,0.0
H3N7,H7N4,1.98,1.98,0.0
H3N7,H7N7,2.06583333333,2.035,0.150302934842
H3N7,H10N3,2.09,2.09,0.0
H3N7,H7N1,2.28,2.22,0.129614813968
H3N7,H7N3,2.25285714286,2.285,0.222146302224
H3N7,H10N7,2.02285714286,1.985,0.13079037598
H3N7,H2N5,2.21,2.19,0.126885775404
H3N7,H2N7,2.05,2.045,0.0587367006224
H3N7,H2N1,2.14,2.14,0.03
H3N7,H2N2,2.064,2.06,0.099518842437
H3N7,H2N3,2.2325,2.27,0.11377060253
H3N7,H1N2,2.28446700508,2.26,0.133433171842
H3N7,H1N1,2.34558746736,2.32,0.162532525926
H3N7,H2N9,2.41,2.41,0.0
H3N7,H9N2,2.239,2.255,0.131030530793
H3N7,H9N1,2.36,2.31,0.0852447456836
H3N7,H9N7,2.33,2.33,0.0
H3N7,H9N6,2.23,2.23,0.0
H3N7,H9N5,2.425,2.425,0.105
H3N7,H9N9,2.19,2.19,0.0
H3N7,H7N2,2.17,2.08,0.209920619918
H3N6,H5N9,2.18875,2.15,0.112964319588
H3N6,H5N8,2.5025,2.535,0.116913429511
H3N6,H5N7,2.35,2.35,0.0921954445729
H3N6,H5N6,2.595,2.54,0.119687092036
H3N6,H5N5,2.2625,2.285,0.099089605913
H3N6,H5N3,2.284375,2.21,0.19538323719
H3N6,H5N2,2.29897058824,2.28,0.158940792767
H3N6,H5N1,2.42780534351,2.42,0.187336575829
H3N6,H10N8,1.96375,1.93,0.11852610472
H3N6,H7N9,2.0225,2.05,0.0694172168846
H3N6,H7N8,1.855,1.845,0.121346610995
H3N6,H7N4,1.835,1.845,0.146714007511
H3N6,H7N7,1.90583333333,1.87,0.153036397268
H3N6,H10N3,1.9825,1.995,0.116484977572
H3N6,H7N1,2.035,2.085,0.223364425696
H3N6,H7N3,2.05803571429,2.05,0.212101892991
H3N6,H10N7,1.96071428571,1.955,0.128963687343
H3N6,H2N5,2.281875,2.15,0.286710192311
H3N6,H2N7,2.2025,2.2,0.100964102532
H3N6,H2N1,2.215,2.215,0.0683739716559
H3N6,H2N2,2.1763,2.155,0.104332689029
H3N6,H2N3,2.3428125,2.285,0.181766236809
H3N6,H1N2,2.46835025381,2.45,0.178632194967
H3N6,H1N1,2.52029373368,2.48,0.214955772699
H3N6,H2N9,2.245,2.215,0.0934077084613
H3N6,H9N2,2.2894,2.28,0.106248011746
H3N6,H9N1,2.28,2.275,0.0872735164106
H3N6,H9N7,2.27,2.275,0.134721935853
H3N6,H9N6,2.205,2.19,0.100374299499
H3N6,H9N5,2.38125,2.395,0.110841948287
H3N6,H9N9,2.2425,2.23,0.0521416340365
H3N6,H7N2,2.025,1.94,0.252041663223
H5N9,H5N8,1.805,1.805,0.105
H5N9,H5N7,1.305,1.305,0.055
H5N9,H5N6,1.805,1.805,0.135
H5N9,H5N5,1.234,0.985,0.430260386278
H5N9,H5N3,0.98625,0.87,0.308258718449
H5N9,H5N2,1.00558823529,1.01,0.232659700705
H5N9,H5N1,1.68125954198,1.74,0.341528246745
H5N9,H10N8,2.3925,2.405,0.198667435681
H5N9,H7N9,2.485,2.485,0.115
H5N9,H7N8,2.245,2.245,0.105
H5N9,H7N4,2.505,2.505,0.055
H5N9,H7N7,2.455,2.46,0.166282891483
H5N9,H10N3,2.44,2.44,0.07
H5N9,H7N1,2.56,2.54,0.205669638012
H5N9,H7N3,2.65607142857,2.6,0.196165733241
H5N9,H10N7,2.38285714286,2.395,0.164226697474
H5N9,H2N5,1.56375,1.51,0.302032179577
H5N9,H2N7,1.165,1.14,0.184255257727
H5N9,H2N1,1.275,1.35,0.204633819297
H5N9,H2N2,1.2556,1.205,0.199771469434
H5N9,H2N3,1.445625,1.44,0.29321427212
H5N9,H1N2,1.97921319797,2.03,0.292717254522
H5N9,H1N1,1.95630548303,1.985,0.338676283043
H5N9,H2N9,1.74,1.74,0.11
H5N9,H9N2,1.8407,1.84,0.159745140771
H5N9,H9N1,1.995,1.96,0.161632298752
H5N9,H9N7,1.93,1.93,0.12
H5N9,H9N6,1.86,1.86,0.15
H5N9,H9N5,1.9425,1.94,0.153195136999
H5N9,H9N9,1.755,1.755,0.095
H5N9,H7N2,2.54,2.57,0.194250697124
H5N8,H5N7,1.95,1.95,0.0
H5N8,H5N6,0.79,0.79,0.0
H5N8,H5N5,1.604,1.73,0.376170174256
H5N8,H5N3,1.795,1.8,0.101365674664
H5N8,H5N2,1.69823529412,1.69,0.13147289115
H5N8,H5N1,1.06671755725,0.96,0.355548050774
H5N8,H10N8,2.575,2.575,0.115
H5N8,H7N9,2.74,2.74,0.0
H5N8,H7N8,2.51,2.51,0.0
H5N8,H7N4,2.72,2.72,0.0
H5N8,H7N7,2.66166666667,2.645,0.1558756627
H5N8,H10N3,2.72,2.72,0.0
H5N8,H7N1,2.88333333333,2.9,0.118977121984
H5N8,H7N3,2.88571428571,2.865,0.172863045944
H5N8,H10N7,2.535,2.47,0.182668708713
H5N8,H2N5,2.025,2.23,0.445897970392
H5N8,H2N7,1.7525,1.77,0.13863170633
H5N8,H2N1,2.0,2.0,0.14
H5N8,H2N2,1.9532,1.97,0.291653493036
H5N8,H2N3,1.755,1.885,0.467038542307
H5N8,H1N2,1.58842639594,1.57,0.197402063139
H5N8,H1N1,1.62754569191,1.56,0.318500455793
H5N8,H2N9,2.61,2.61,0.0
H5N8,H9N2,2.2998,2.265,0.205158377845
H5N8,H9N1,2.46666666667,2.3,0.279205221218
H5N8,H9N7,2.43,2.43,0.0
H5N8,H9N6,2.37,2.37,0.0
H5N8,H9N5,2.365,2.365,0.075
H5N8,H9N9,2.14,2.14,0.0
H5N8,H7N2,2.83,2.77,0.305068298364
H5N7,H5N6,1.92,1.92,0.0
H5N7,H5N5,1.566,1.37,0.337792835922
H5N7,H5N3,1.4075,1.325,0.281102739225
H5N7,H5N2,1.30529411765,1.28,0.132270562598
H5N7,H5N1,1.84419847328,1.91,0.304603243878
H5N7,H10N8,2.535,2.535,0.165
H5N7,H7N9,2.51,2.51,0.0
H5N7,H7N8,2.4,2.4,0.0
H5N7,H7N4,2.51,2.51,0.0
H5N7,H7N7,2.48833333333,2.47,0.104149998666
H5N7,H10N3,2.47,2.47,0.0
H5N7,H7N1,2.49333333333,2.43,0.0895668589503
H5N7,H7N3,2.66785714286,2.685,0.185940795932
H5N7,H10N7,2.45714285714,2.44,0.11701212217
H5N7,H2N5,1.7825,1.825,0.187399973319
H5N7,H2N7,1.4575,1.495,0.119032558571
H5N7,H2N1,1.725,1.725,0.125
H5N7,H2N2,1.6004,1.57,0.147444362388
H5N7,H2N3,1.68375,1.55,0.235209348241
H5N7,H1N2,2.14939086294,2.23,0.266596587801
H5N7,H1N1,2.08835509138,2.14,0.262631112141
H5N7,H2N9,1.78,1.78,0.0
H5N7,H9N2,2.1214,2.095,0.0957707679827
H5N7,H9N1,2.17666666667,2.19,0.0984321537349
H5N7,H9N7,2.05,2.05,0.0
H5N7,H9N6,2.14,2.14,0.0
H5N7,H9N5,2.025,2.025,0.115
H5N7,H9N9,2.14,2.14,0.0
H5N7,H7N2,2.55666666667,2.48,0.130213499897
H5N6,H5N5,1.54,1.78,0.40119820538
H5N6,H5N3,1.91,1.9,0.0966953980291
H5N6,H5N2,1.68411764706,1.65,0.159670941904
H5N6,H5N1,1.07458015267,0.98,0.353935905575
H5N6,H10N8,2.58,2.58,0.13
H5N6,H7N9,2.7,2.7,0.0
H5N6,H7N8,2.58,2.58,0.0
H5N6,H7N4,2.87,2.87,0.0
H5N6,H7N7,2.7725,2.745,0.165435032566
H5N6,H10N3,2.62,2.62,0.0
H5N6,H7N1,2.95333333333,2.96,0.114406682012
H5N6,H7N3,2.93571428571,2.955,0.166549618763
H5N6,H10N7,2.61642857143,2.56,0.168166887468
H5N6,H2N5,2.085,2.265,0.412583324918
H5N6,H2N7,1.7825,1.81,0.106389614155
H5N6,H2N1,2.11,2.11,0.09
H5N6,H2N2,2.0056,2.01,0.258179472461
H5N6,H2N3,1.79125,1.81,0.414711872871
H5N6,H1N2,1.63664974619,1.63,0.175727477526
H5N6,H1N1,1.64349869452,1.62,0.296371933734
H5N6,H2N9,2.55,2.55,0.0
H5N6,H9N2,2.3364,2.315,0.176371879845
H5N6,H9N1,2.51666666667,2.45,0.193620476419
H5N6,H9N7,2.52,2.52,0.0
H5N6,H9N6,2.52,2.52,0.0
H5N6,H9N5,2.38,2.38,0.04
H5N6,H9N9,2.14,2.14,0.0
H5N6,H7N2,2.85333333333,2.76,0.139124245031
H5N5,H5N3,1.308,1.54,0.481773805847
H5N5,H5N2,1.318,1.29,0.383757889361
H5N5,H5N1,1.50607633588,1.63,0.453762247635
H5N5,H10N8,2.404,2.375,0.149479095528
H5N5,H7N9,2.43,2.49,0.123773987574
H5N5,H7N8,2.308,2.39,0.101666120217
H5N5,H7N4,2.522,2.52,0.0534415568635
H5N5,H7N7,2.45733333333,2.46,0.131565784137
H5N5,H10N3,2.434,2.51,0.122735487941
H5N5,H7N1,2.56466666667,2.56,0.153095467674
H5N5,H7N3,2.59914285714,2.61,0.180124899977
H5N5,H10N7,2.371,2.34,0.129528264979
H5N5,H2N5,1.5815,1.49,0.35958691578
H5N5,H2N7,1.3875,1.35,0.297655421587
H5N5,H2N1,1.415,1.325,0.277101064596
H5N5,H2N2,1.47472,1.41,0.333324048937
H5N5,H2N3,1.5485,1.545,0.37919355216
H5N5,H1N2,1.91462944162,1.92,0.327000659349
H5N5,H1N1,1.88092428198,1.88,0.356063379242
H5N5,H2N9,1.8,1.62,0.314133729485
H5N5,H9N2,1.9528,1.93,0.162788697396
H5N5,H9N1,2.01933333333,2.01,0.186599988091
H5N5,H9N7,1.994,1.93,0.146505972574
H5N5,H9N6,1.998,1.93,0.132875881935
H5N5,H9N5,1.998,1.935,0.173712406005
H5N5,H9N9,1.932,1.87,0.0941063228481
H5N5,H7N2,2.48266666667,2.44,0.163522339622
H5N3,H5N2,1.13426470588,1.15,0.344124277211
H5N3,H5N1,1.73167938931,1.79,0.335916548778
H5N3,H10N8,2.445,2.44,0.224666419387
H5N3,H7N9,2.495,2.37,0.27807373123
H5N3,H7N8,2.2975,2.195,0.230583498976
H5N3,H7N4,2.5875,2.47,0.27940785601
H5N3,H7N7,2.51416666667,2.44,0.24930598112
H5N3,H10N3,2.445,2.325,0.255
H5N3,H7N1,2.605,2.525,0.259631148619
H5N3,H7N3,2.68053571429,2.65,0.283104092687
H5N3,H10N7,2.42017857143,2.345,0.214513495009
H5N3,H2N5,1.5975,1.44,0.364202896749
H5N3,H2N7,1.33875,1.215,0.2891771732
H5N3,H2N1,1.29125,1.215,0.336950942275
H5N3,H2N2,1.3569,1.25,0.34337063066
H5N3,H2N3,1.5521875,1.615,0.364997725806
H5N3,H1N2,2.03124365482,2.07,0.298402219822
H5N3,H1N1,2.00187989556,2.02,0.337370404381
H5N3,H2N9,1.75,1.66,0.360485783354
H5N3,H9N2,1.93235,1.86,0.248575898872
H5N3,H9N1,2.015,1.905,0.263612720988
H5N3,H9N7,1.96,1.82,0.291290233273
H5N3,H9N6,1.9925,1.915,0.239204410494
H5N3,H9N5,1.9675,1.91,0.232365552524
H5N3,H9N9,1.905,1.87,0.0993730345718
H5N3,H7N2,2.55666666667,2.5,0.29752684286
H5N2,H5N1,1.62942523574,1.67,0.322492721765
H5N2,H10N8,2.45382352941,2.43,0.201640546604
H5N2,H7N9,2.55058823529,2.57,0.180015378044
H5N2,H7N8,2.33588235294,2.35,0.147770044864
H5N2,H7N4,2.58764705882,2.58,0.183544494101
H5N2,H7N7,2.52691176471,2.51,0.192791088952
H5N2,H10N3,2.49529411765,2.5,0.167652218703
H5N2,H7N1,2.63803921569,2.62,0.211326525602
H5N2,H7N3,2.70008403361,2.69,0.220528379234
H5N2,H10N7,2.41878151261,2.4,0.174196192863
H5N2,H2N5,1.62088235294,1.635,0.258961360359
H5N2,H2N7,1.225,1.165,0.198623942636
H5N2,H2N1,1.34823529412,1.365,0.235889687432
H5N2,H2N2,1.33362352941,1.3,0.256891919433
H5N2,H2N3,1.50544117647,1.58,0.293462763564
H5N2,H1N2,1.92968050164,1.94,0.290674691181
H5N2,H1N1,1.91618491783,1.9,0.327959449171
H5N2,H2N9,1.84352941176,1.84,0.205367423285
H5N2,H9N2,1.9118,1.88,0.195433593355
H5N2,H9N1,2.04352941176,2.01,0.220167703722
H5N2,H9N7,2.01705882353,2.05,0.208602202512
H5N2,H9N6,1.96470588235,1.95,0.163063237356
H5N2,H9N5,1.93294117647,1.915,0.158550964376
H5N2,H9N9,1.87058823529,1.9,0.122304854804
H5N2,H7N2,2.59098039216,2.61,0.213461250577
H5N1,H10N8,2.52893129771,2.51,0.215263913678
H5N1,H7N9,2.66053435115,2.64,0.198052784147
H5N1,H7N8,2.47244274809,2.48,0.174154847318
H5N1,H7N4,2.7127480916,2.7,0.197418660166
H5N1,H7N7,2.64695928753,2.62,0.222006615383
H5N1,H10N3,2.61709923664,2.6,0.187602342755
H5N1,H7N1,2.78603053435,2.78,0.226093090522
H5N1,H7N3,2.83209378408,2.82,0.242907865491
H5N1,H10N7,2.50651581243,2.47,0.21214724527
H5N1,H2N5,1.92652671756,2.03,0.43239277148
H5N1,H2N7,1.68017175573,1.735,0.296666223832
H5N1,H2N1,1.88511450382,1.92,0.359291853155
H5N1,H2N2,1.84363969466,1.88,0.382849187951
H5N1,H2N3,1.72321564885,1.78,0.419843963272
H5N1,H1N2,1.68820203821,1.65,0.249189671707
H5N1,H1N1,1.70897454806,1.66,0.336842286209
H5N1,H2N9,2.35992366412,2.45,0.345581700514
H5N1,H9N2,2.21293282443,2.18,0.273114678383
H5N1,H9N1,2.34394402036,2.3,0.300819012516
H5N1,H9N7,2.36687022901,2.37,0.264780144921
H5N1,H9N6,2.32076335878,2.34,0.248481244229
H5N1,H9N5,2.27427480916,2.275,0.250317448939
H5N1,H9N9,2.09961832061,2.09,0.189186303347
H5N1,H7N2,2.73178117048,2.72,0.251718536929
H10N8,H7N9,1.515,1.515,0.095
H10N8,H7N8,1.295,1.295,0.115
H10N8,H7N4,1.18,1.18,0.15
H10N8,H7N7,1.38208333333,1.31,0.276857050459
H10N8,H10N3,1.095,1.095,0.065
H10N8,H7N1,1.57833333333,1.465,0.351540261642
H10N8,H7N3,1.71178571429,1.75,0.314904220942
H10N8,H10N7,1.0975,1.06,0.217200121678
H10N8,H2N5,2.42125,2.42,0.234063960276
H10N8,H2N7,2.38125,2.41,0.155919650782
H10N8,H2N1,2.37,2.37,0.107935165725
H10N8,H2N2,2.3306,2.36,0.176061466539
H10N8,H2N3,2.496875,2.45,0.178525864723
H10N8,H1N2,2.60931472081,2.59,0.217619300233
H10N8,H1N1,2.67973890339,2.66,0.253221921939
H10N8,H2N9,2.42,2.42,0.06
H10N8,H9N2,2.4565,2.49,0.218780140781
H10N8,H9N1,2.49833333333,2.555,0.189597526941
H10N8,H9N7,2.47,2.47,0.1
H10N8,H9N6,2.445,2.445,0.165
H10N8,H9N5,2.5475,2.51,0.169022927439
H10N8,H9N9,2.44,2.44,0.29
H10N8,H7N2,1.67833333333,1.65,0.286613367138
H7N9,H7N8,1.06,1.06,0.0
H7N9,H7N4,1.1,1.1,0.0
H7N9,H7N7,1.18916666667,1.215,0.275936536584
H7N9,H10N3,0.97,0.97,0.0
H7N9,H7N1,1.41666666667,1.34,0.335095342983
H7N9,H7N3,1.55785714286,1.625,0.327046929167
H7N9,H10N7,1.45071428571,1.475,0.156454661882
H7N9,H2N5,2.465,2.425,0.207424685127
H7N9,H2N7,2.47,2.495,0.071763500472
H7N9,H2N1,2.44,2.44,0.03
H7N9,H2N2,2.3656,2.36,0.101669267726
H7N9,H2N3,2.51,2.49,0.183915741577
H7N9,H1N2,2.74065989848,2.73,0.162274665528
H7N9,H1N1,2.75720626632,2.75,0.176884192359
H7N9,H2N9,2.35,2.35,0.0
H7N9,H9N2,2.6626,2.655,0.0959126686106
H7N9,H9N1,2.62666666667,2.66,0.0849836585599
H7N9,H9N7,2.52,2.52,0.0
H7N9,H9N6,2.61,2.61,0.0
H7N9,H9N5,2.825,2.825,0.055
H7N9,H9N9,2.66,2.66,0.0
H7N9,H7N2,1.59,1.53,0.121928941054
H7N8,H7N4,0.94,0.94,0.0
H7N8,H7N7,0.988333333333,0.915,0.243202019363
H7N8,H10N3,1.06,1.06,0.0
H7N8,H7N1,1.36,1.42,0.256645020732
H7N8,H7N3,1.45071428571,1.585,0.349335374793
H7N8,H10N7,1.19285714286,1.145,0.171232030191
H7N8,H2N5,2.275,2.16,0.263581107062
H7N8,H2N7,2.2275,2.235,0.0501871497497
H7N8,H2N1,2.1,2.1,0.03
H7N8,H2N2,2.136,2.11,0.1
H7N8,H2N3,2.35625,2.34,0.200433124757
H7N8,H1N2,2.53482233503,2.52,0.16995548509
H7N8,H1N1,2.6035770235,2.55,0.23696293944
H7N8,H2N9,2.15,2.15,0.0
H7N8,H9N2,2.339,2.335,0.0935574689696
H7N8,H9N1,2.30666666667,2.31,0.0531245915017
H7N8,H9N7,2.27,2.27,0.0
H7N8,H9N6,2.33,2.33,0.0
H7N8,H9N5,2.475,2.475,0.035
H7N8,H9N9,2.27,2.27,0.0
H7N8,H7N2,1.40666666667,1.26,0.243629956195
H7N4,H7N7,0.934166666667,0.85,0.259405035075
H7N4,H10N3,1.09,1.09,0.0
H7N4,H7N1,1.14333333333,0.95,0.280515398666
H7N4,H7N3,1.32928571429,1.455,0.373945456025
H7N4,H10N7,1.37571428571,1.31,0.189801184917
H7N4,H2N5,2.4875,2.345,0.306624770689
H7N4,H2N7,2.465,2.475,0.055
H7N4,H2N1,2.375,2.375,0.025
H7N4,H2N2,2.3696,2.38,0.111516097493
H7N4,H2N3,2.56875,2.54,0.223183640754
H7N4,H1N2,2.80781725888,2.8,0.161257139634
H7N4,H1N1,2.85083550914,2.82,0.19197294085
H7N4,H2N9,2.34,2.34,0.0
H7N4,H9N2,2.6028,2.605,0.0914557816652
H7N4,H9N1,2.56666666667,2.57,0.00471404520791
H7N4,H9N7,2.52,2.52,0.0
H7N4,H9N6,2.57,2.57,0.0
H7N4,H9N5,2.69,2.69,0.03
H7N4,H9N9,2.61,2.61,0.0
H7N4,H7N2,1.35,1.35,0.285773803325
H7N7,H10N3,1.26416666667,1.19,0.219827899857
H7N7,H7N1,1.27583333333,1.18,0.340272562318
H7N7,H7N3,1.41851190476,1.48,0.357878404265
H7N7,H10N7,1.41023809524,1.39,0.26529397975
H7N7,H2N5,2.42270833333,2.325,0.300130107782
H7N7,H2N7,2.42416666667,2.42,0.135336514741
H7N7,H2N1,2.34833333333,2.335,0.0923158828275
H7N7,H2N2,2.34013333333,2.31,0.143587309869
H7N7,H2N3,2.52583333333,2.53,0.236011416861
H7N7,H1N2,2.70647631134,2.69,0.192980833843
H7N7,H1N1,2.76165361184,2.74,0.222876417374
H7N7,H2N9,2.32583333333,2.32,0.111837555807
H7N7,H9N2,2.56478333333,2.56,0.1323692552
H7N7,H9N1,2.52861111111,2.52,0.0921397723804
H7N7,H9N7,2.42666666667,2.425,0.1136759527
H7N7,H9N6,2.47833333333,2.485,0.106366765904
H7N7,H9N5,2.62541666667,2.6,0.10376171286
H7N7,H9N9,2.62666666667,2.59,0.118415464456
H7N7,H7N2,1.31277777778,1.395,0.387051612343
H10N3,H7N1,1.47666666667,1.27,0.299369708258
H10N3,H7N3,1.63928571429,1.76,0.344372395727
H10N3,H10N7,1.08642857143,1.095,0.185226006461
H10N3,H2N5,2.4425,2.37,0.216029511873
H10N3,H2N7,2.465,2.46,0.0572276157113
H10N3,H2N1,2.37,2.37,0.05
H10N3,H2N2,2.3312,2.32,0.0883773726697
H10N3,H2N3,2.5025,2.525,0.188663059447
H10N3,H1N2,2.69883248731,2.71,0.157995557865
H10N3,H1N1,2.74859007833,2.75,0.186480657494
H10N3,H2N9,2.31,2.31,0.0
H10N3,H9N2,2.5542,2.57,0.0970379307281
H10N3,H9N1,2.52666666667,2.58,0.0899382504215
H10N3,H9N7,2.41,2.41,0.0
H10N3,H9N6,2.47,2.47,0.0
H10N3,H9N5,2.68,2.68,0.02
H10N3,H9N9,2.54,2.54,0.0
H10N3,H7N2,1.66,1.54,0.22861904266
H7N1,H7N3,1.38785714286,1.555,0.353085283872
H7N1,H10N7,1.61428571429,1.595,0.345268307381
H7N1,H2N5,2.47333333333,2.39,0.335865383086
H7N1,H2N7,2.52583333333,2.55,0.0954339503997
H7N1,H2N1,2.36666666667,2.405,0.128668393771
H7N1,H2N2,2.40706666667,2.41,0.153941749445
H7N1,H2N3,2.60041666667,2.545,0.283085369436
H7N1,H1N2,2.82891708968,2.82,0.188439611557
H7N1,H1N1,2.87135770235,2.87,0.214724471749
H7N1,H2N9,2.32333333333,2.36,0.177451088723
H7N1,H9N2,2.6342,2.64,0.166522350852
H7N1,H9N1,2.56888888889,2.6,0.14969928705
H7N1,H9N7,2.45333333333,2.46,0.106249183003
H7N1,H9N6,2.46666666667,2.53,0.141970262927
H7N1,H9N5,2.62333333333,2.655,0.155098534988
H7N1,H9N9,2.69666666667,2.78,0.147044966667
H7N1,H7N2,1.23,1.11,0.364020756429
H7N3,H10N7,1.71367346939,1.77,0.336468416673
H7N3,H2N5,2.54035714286,2.46,0.330335134402
H7N3,H2N7,2.58875,2.58,0.17036790547
H7N3,H2N1,2.46214285714,2.5,0.162070468423
H7N3,H2N2,2.4956,2.5,0.188617708607
H7N3,H2N3,2.68044642857,2.64,0.268535673318
H7N3,H1N2,2.84518129079,2.83,0.205822303579
H7N3,H1N1,2.89100895188,2.88,0.237869225185
H7N3,H2N9,2.41285714286,2.495,0.150827648632
H7N3,H9N2,2.66308571429,2.645,0.167924025581
H7N3,H9N1,2.60071428571,2.605,0.150180730124
H7N3,H9N7,2.51,2.52,0.138409330817
H7N3,H9N6,2.54428571429,2.54,0.111849023606
H7N3,H9N5,2.68607142857,2.675,0.125934770125
H7N3,H9N9,2.72928571429,2.745,0.142551458664
H7N3,H7N2,1.30547619048,1.275,0.387028991045
H10N7,H2N5,2.38017857143,2.345,0.239101674961
H10N7,H2N7,2.34410714286,2.35,0.141809439361
H10N7,H2N1,2.28178571429,2.31,0.130522400142
H10N7,H2N2,2.29734285714,2.31,0.137238362579
H10N7,H2N3,2.45366071429,2.445,0.200298863914
H10N7,H1N2,2.57196519217,2.55,0.217344668896
H10N7,H1N1,2.64806788512,2.61,0.249308698546
H10N7,H2N9,2.38428571429,2.35,0.172656317816
H10N7,H9N2,2.41925714286,2.43,0.175856328187
H10N7,H9N1,2.42785714286,2.42,0.185838328538
H10N7,H9N7,2.36071428571,2.375,0.160377424743
H10N7,H9N6,2.37785714286,2.385,0.165191601803
H10N7,H9N5,2.48321428571,2.515,0.155748276107
H10N7,H9N9,2.41428571429,2.455,0.16012112762
H10N7,H7N2,1.61642857143,1.605,0.340782163549
H2N5,H2N7,1.465625,1.395,0.324402696313
H2N5,H2N1,1.25,1.005,0.564690180542
H2N5,H2N2,1.3209,1.15,0.492794267418
H2N5,H2N3,1.5396875,1.375,0.587545127921
H2N5,H1N2,2.13447969543,2.2,0.379099732862
H2N5,H1N1,2.11099869452,2.15,0.43010668116
H2N5,H2N9,1.4325,1.145,0.641107440294
H2N5,H9N2,1.91785,1.8,0.359144647043
H2N5,H9N1,1.95583333333,1.78,0.433252396288
H2N5,H9N7,1.8625,1.635,0.444824403557
H2N5,H9N6,1.915,1.705,0.390288354938
H2N5,H9N5,1.92875,1.75,0.388569089738
H2N5,H9N9,1.955,1.875,0.197294196569
H2N5,H7N2,2.395,2.275,0.332126983748
H2N7,H2N1,1.14125,1.1,0.277418343842
H2N7,H2N2,1.1144,1.11,0.306268901458
H2N7,H2N3,1.3246875,1.335,0.395284583995
H2N7,H1N2,1.90163705584,1.93,0.271218785656
H2N7,H1N1,1.90075065274,1.89,0.327787540195
H2N7,H2N9,1.645,1.54,0.18781639971
H2N7,H9N2,1.84415,1.83,0.193438045637
H2N7,H9N1,1.96,1.965,0.211896201004
H2N7,H9N7,1.96,1.87,0.173637553542
H2N7,H9N6,1.875,1.855,0.146372811683
H2N7,H9N5,1.895,1.935,0.17226433177
H2N7,H9N9,1.7525,1.775,0.11143944544
H2N7,H7N2,2.46416666667,2.485,0.149468967422
H2N1,H2N2,0.9594,0.945,0.244068924691
H2N1,H2N3,1.3975,1.2,0.485380005769
H2N1,H1N2,2.1211928934,2.15,0.315328123922
H2N1,H1N1,2.10050913838,2.11,0.383276893133
H2N1,H2N9,1.18,1.18,0.16
H2N1,H9N2,1.6889,1.685,0.114951250537
H2N1,H9N1,1.745,1.765,0.174809420036
H2N1,H9N7,1.695,1.695,0.025
H2N1,H9N6,1.66,1.66,0.07
H2N1,H9N5,1.62,1.595,0.0533853912602
H2N1,H9N9,1.675,1.675,0.045
H2N1,H7N2,2.32,2.325,0.110151410946
H2N2,H2N3,1.3695,1.28,0.458248567919
H2N2,H1N2,2.06989238579,2.08,0.329951986344
H2N2,H1N1,2.05792689295,2.05,0.378976159384
H2N2,H2N9,1.3656,1.31,0.300174349337
H2N2,H9N2,1.771592,1.75,0.163595921514
H2N2,H9N1,1.82466666667,1.81,0.209979893217
H2N2,H9N7,1.7824,1.74,0.169050998222
H2N2,H9N6,1.772,1.77,0.112747505516
H2N2,H9N5,1.7956,1.78,0.122231910727
H2N2,H9N9,1.7612,1.74,0.140863621989
H2N2,H7N2,2.38693333333,2.38,0.156613948577
H2N3,H1N2,1.96616116751,1.965,0.366782445531
H2N3,H1N1,1.9430613577,1.95,0.401080982421
H2N3,H2N9,1.6975,1.54,0.601097953748
H2N3,H9N2,2.0069,1.97,0.268943098071
H2N3,H9N1,2.08166666667,1.985,0.339431714619
H2N3,H9N7,2.03375,1.96,0.381344250645
H2N3,H9N6,2.0125,1.955,0.279854873104
H2N3,H9N5,2.023125,1.93,0.296473412594
H2N3,H9N9,1.95125,1.925,0.153658509364
H2N3,H7N2,2.57125,2.535,0.277463398487
H1N2,H1N1,1.59218274112,1.59,0.475719391973
H1N2,H2N9,2.52502538071,2.62,0.272587943925
H1N2,H9N2,2.28063451777,2.27,0.310515329696
H1N2,H9N1,2.40578680203,2.43,0.313857094926
H1N2,H9N7,2.44111675127,2.47,0.294102388286
H1N2,H9N6,2.36903553299,2.39,0.286446075322
H1N2,H9N5,2.3461928934,2.375,0.302108030818
H1N2,H9N9,2.13126903553,2.11,0.245133163243
H1N2,H7N2,2.74602368866,2.72,0.21857233919
H1N1,H2N9,2.49114882507,2.59,0.344044044015
H1N1,H9N2,2.26354412533,2.22,0.392933677873
H1N1,H9N1,2.37580504787,2.36,0.390415614311
H1N1,H9N7,2.39770234987,2.4,0.372852171365
H1N1,H9N6,2.34869451697,2.34,0.372847861855
H1N1,H9N5,2.32546997389,2.3,0.389671115276
H1N1,H9N9,2.14681462141,2.09,0.364413452096
H1N1,H7N2,2.79635335074,2.78,0.254449046504
H2N9,H9N2,1.9318,1.95,0.195066040099
H2N9,H9N1,1.84333333333,1.69,0.22395436043
H2N9,H9N7,1.75,1.75,0.0
H2N9,H9N6,1.84,1.84,0.0
H2N9,H9N5,1.835,1.835,0.055
H2N9,H9N9,2.08,2.08,0.0
H2N9,H7N2,2.36666666667,2.38,0.074087035903
H9N2,H9N1,1.0856,1.04,0.299591900202
H9N2,H9N7,1.046,1.015,0.276340369834
H9N2,H9N6,0.9412,0.945,0.183408178662
H9N2,H9N5,0.9724,0.97,0.20805345467
H9N2,H9N9,0.99,0.965,0.233803336161
H9N2,H7N2,2.54213333333,2.53,0.153412675125
H9N1,H9N7,0.98,1.07,0.156418242755
H9N1,H9N6,0.943333333333,0.95,0.122565175406
H9N1,H9N5,0.998333333333,1.07,0.15355961564
H9N1,H9N9,1.24333333333,1.11,0.270102861065
H9N1,H7N2,2.48666666667,2.5,0.158464857653
H9N7,H9N6,0.78,0.78,0.0
H9N7,H9N5,0.895,0.895,0.065
H9N7,H9N9,1.36,1.36,0.0
H9N7,H7N2,2.37333333333,2.4,0.0758653778449
H9N6,H9N5,0.74,0.74,0.01
H9N6,H9N9,1.0,1.0,0.0
H9N6,H7N2,2.41,2.41,0.11430952133
H9N5,H9N9,1.065,1.065,0.025
H9N5,H7N2,2.52833333333,2.59,0.120611866009
H9N9,H7N2,2.65333333333,2.74,0.129700509722
